Area,Key,Role,MaxChars,English,Somali (current),Somali (AI),Reviewer notes
Common,appTitle,title,20,DukanPro,DukanPro,,
Common,languageEnglish,body,,English,Ingiriis,,
Common,languageSomali,body,,Somali,Soomaali,,
Home,homeHint,hint,,Choose today's job,Dooro shaqada maanta,,
Sale,sale,home_tile,14,Sale,Iibi,,
Receive,receive,home_tile,14,Receive,Alaab Dajin,,
Payment,payment,body,,Payment,Lacag bixin,,
Payment,paymentInLabel,home_tile,14,Money In,Lacag Soo Gal,,
Payment,paymentOutLabel,home_tile,14,Money Out,Lacag Bax,,
Payment,paymentDetailSettledHeader,header,24,Paid for,Waxa loo bixiyay,,
Payment,paymentDetailNoAllocations,body,,This payment isn't linked to a sale or receive yet.,Lacagtan weli lama xirin iib ama qaadasho.,,
Payment,paymentDetailLoadFailedMessage,empty_error,,Couldn't load this payment.,Lama soo qaadan karin lacagtan.,,
Expense,expense,home_tile,14,Expense,Qarashaad,,
Common,cash,body,,CASH,KAASH,,
Common,debt,body,,DEBT,DEYN,,
Common,confirm,body,,CONFIRM,XAQIIJI,,
Common,searchItems,body,,Search items,Raadi alaab,,
Common,favorites,body,,Favorites,Kuwa la jecel yahay,,
Sale,cart,body,,CART,Danbiil,,
Common,total,body,,Total,Wadar,,
Common,undo,body,,Undo,Ka noqo,,
Common,quantity,body,,Qty,Tiro,,
Common,price,body,,Price,Qiime,,
Common,cancel,body,,Cancel,Jooji,,
Receive,receiveTitle,title,20,Receive,Alaab dajin,,
Receive,bonoAttachTooltip,body,,Attach bono photo,Sawir bonoga,,
Receive,bonoAttachedTooltip,body,,Bono attached — tap to replace,Bono waa la sawiray — taabo si aad u beddesho,,
Receive,bonoAttachCamera,body,,Take photo,Sawir hadda,,
Receive,bonoAttachGallery,body,,Choose from gallery,Sawir ka hor leh,,
Receive,bonoAttachedToast,toast,,Bono photo attached,Sawirka bonoga waa la raaciyay,,
Receive,bonoAttachFailedMessage,empty_error,,Could not attach the bono. Try again.,Bonoga lama raacin karin. Isku day mar kale.,,
Parties,partyDetailTitle,title,20,Party,Qof,,
Parties,partyHideTooltip,body,,Hide,Qari,,
Parties,partyHideConfirmTitle,dialog_title,30,Hide this contact?,Ma qarinaysaa qofkan?,,
Parties,partyHideConfirmBody,dialog_body,,They'll be removed from your lists. Any balance and history stay. You can ask support to bring them back.,Waxaa laga saari doonaa liisaskaaga. Lacagta iyo taariikhda way sii jiri doonaan. Waxaad weydiisan kartaa taageerada inay soo celiyaan.,,
Parties,partyHideConfirmYes,button,14,HIDE,QARI,,
Parties,partyHiddenToast,toast,,Contact hidden,Qofka waa la qariyay,,
Common,backdateChipToday,body,,Today,Maanta,,
Common,backdateChipTooltip,body,,Change date,Beddel taariikhda,,
Common,backdateBannerLabel,label,24,Recording for {date},Waxaad u diiwaangelinaysaa {date},,
Common,backdateBackToToday,body,,TODAY,MAANTA,,
Reports,reportsTitle,home_tile,14,Reports,Warbixino,,
Menu,drawerReports,body,,Reports,Warbixino,,
Reports,reportsSalesTitle,title,20,Sales,Iibka,,
Reports,reportsProfitTitle,title,20,Profit,Faa'iido,,
Reports,reportsStockTitle,title,20,Stock,Bakhaarka,,
Reports,reportsRevenueLabel,label,24,Sales total,Wadarta iibka,,
Reports,reportsSalesCountLabel,label,24,Number of sales,Tirada iibka,,
Reports,reportsAvgSaleLabel,label,24,Average sale,Celceliska iibka,,
Reports,reportsCostLabel,label,24,Cost of goods,Qiimaha alaabta,,
Reports,reportsGrossProfitLabel,label,24,Gross profit,Faa'iidada guud,,
Reports,reportsExpensesLabel,label,24,Expenses,Qarashaadka,,
Reports,reportsNetProfitLabel,label,24,Net profit,Faa'iidada saafiga ah,,
Reports,reportsMarginLabel,label,24,Margin,Faa'iido boqolkiiba,,
Reports,reportsItemsLabel,label,24,Products in stock,Alaabta bakhaarka ku jirta,,
Reports,reportsStockValueLabel,label,24,Stock value,Qiimaha bakhaarka,,
Reports,reportsLowStockLabel,label,24,Low stock,Alaab yar,,
Reports,reportsLoadFailedMessage,empty_error,,Could not load reports. Check your internet and try again.,Warbixinada lama soo bandhigi karin. Hubi internetkaaga oo isku day mar kale.,,
Parties,partyDetailLoadFailedMessage,empty_error,,Could not load this party.,Qofkan lama soo dejin karin.,,
Parties,partyDetailReceivableLabel,label,24,They owe you,Adigaa lacag laguu leeyahay,,
Parties,partyDetailPayableLabel,label,24,You owe them,Iyagaa lacag lagu leeyahay,,
Parties,partyDetailPayButton,button,18,PAY,LACAG BIXI,,
Parties,partyDetailSalesHeader,header,24,Sales,Iibka,,
Parties,partyDetailReceivesHeader,header,24,Receives,Alaab La dajiyey,,
Parties,partyDetailPaymentsHeader,header,24,Payments,Lacagaha la bixiyey,,
Home,homeTodayHeader,header,24,Today,Maanta,,
Home,homeSalesTodayLabel,label,24,Sales today,Iibka manta,,
Home,homeReceivablesLabel,label,24,Customers owe you,Deynta kaa maqan,,
Home,homePayablesLabel,label,24,You owe suppliers,Deyn aad qabto,,
Home,homeLowStockLabel,label,24,Low stock,Alaab Yaraatey,,
Home,homeLowStockCount,body,,"{count, plural, =0{none} =1{1 item} other{{count} items}}","{count, plural, =0{midna} =1{1 alaab} other{{count} alaab}}",,
Common,lowStockReportTitle,title,20,Low stock,Alaabta yaraatey,,
Common,lowStockReportEmptyMessage,empty_error,,Nothing is running low.,Wax yaraatey ma jiraan.,,
Common,reportLoadFailedMessage,empty_error,,Could not load. Pull down to try again.,Ma soo dejin karno. Hoos u jiid si aad mar kale isku daydo.,,
Filters,filterTooltip,body,,Filter,Shaandhee,,
Filters,filterSheetTitle,title,20,Filter,Shaandhee,,
Filters,filterApplyButton,button,18,APPLY,ISTICMAAL,,
Filters,filterResetButton,button,18,Reset,Tirtir,,
Filters,dateRangeToday,chip,12,Today,Maanta,,
Filters,dateRangeWeek,chip,12,Last 7 days,7-da maalmood ee tegay,,
Filters,dateRangeMonth,chip,12,This month,Bishaan,,
Filters,dateRangeAll,chip,12,All,Dhammaan,,
Filters,dateRangeCustom,chip,12,Custom…,Doorasho…,,
Filters,filterPartyAny,body,,Anyone,Qof kasta,,
Filters,filterHideVoided,body,,Hide voided,Qari kuwa la tirtiray,,
Filters,filterCategoryAny,body,,All categories,Qayb kasta,,
Filters,filterLowStockOnly,body,,Low stock only,Kaliya kuwa yaraatey,,
Filters,filterNoPriceOnly,body,,No price yet,Aan qiimo lahayn,,
Common,lowStockSearchHint,hint,,Search product,Raadi alaab,,
Filters,filterChipParty,body,,Party: {name},Qof: {name},,
Filters,filterChipHideVoided,body,,Hiding voided,La qariyay kuwa la tirtiray,,
Filters,filterChipCategory,body,,{name},{name},,
Filters,filterChipLowStock,body,,Low stock,Yaraatey,,
Filters,filterChipNoPrice,body,,No price,Aan qiimo lahayn,,
Menu,drawerHistoryHeader,header,24,HISTORY,TAARIIKH,,
Menu,drawerSalesHistory,body,,Sales history,Taariikhda iibka,,
Menu,drawerReceiveHistory,body,,Receive history,Taariikhda alaabta la qaatay,,
Menu,drawerExpenseHistory,body,,Expense history,Taariikhda kharashka,,
Expense,expenseHistoryTitle,title,20,Expenses,Kharashaadka,,
Expense,expenseHistoryLoadFailedMessage,empty_error,,Could not load expenses. Pull down to try again.,Kharashka ma soo dejin karno. Hoos u jiid si aad mar kale isku daydo.,,
Expense,expenseHistoryEmptyMessage,empty_error,,No expenses yet.,Kharash weli ma jiro.,,
Menu,drawerPaymentHistory,body,,Payment history,Taariikhda lacagaha,,
Payment,paymentHistoryTitle,title,20,Payments,Lacagaha,,
Payment,paymentHistoryLoadFailedMessage,empty_error,,Could not load payments. Pull down to try again.,Lacagaha ma soo dejin karno. Hoos u jiid si aad mar kale isku daydo.,,
Payment,paymentHistoryEmptyMessage,empty_error,,No payments yet.,Lacag weli ma jiro.,,
Payment,paymentHistoryNoParty,body,,Cash,Kaash,,
Payment,paymentHistoryRefundBadge,chip,12,refund,celin,,
Payment,paymentDirectionLabel,label,24,Direction,Jihada,,
Payment,paymentDirectionAny,body,,Any direction,Jiho kasta,,
Payment,paymentDirectionInbound,body,,Customer paid you,Macmiil ku bixiyay,,
Payment,paymentDirectionOutbound,body,,You paid supplier,Bixiye aad bixisay,,
Parties,partiesLoadFailedMessage,empty_error,,Could not load. Pull down to try again.,Ma soo dejin karno. Hoos u jiid si aad mar kale isku daydo.,,
Parties,partiesEmptyMessage,empty_error,,No customers or suppliers yet.,Macaamiil ama bixiye weli ma jiro.,,
Parties,partiesEmptyForQuery,body,,"No matches for ""{query}"".","Wax la mid ah ""{query}"" lama helin.",,
Parties,partyNewOpeningReceivableLabel,label,24,Opening balance (they owe you),Deyn furitaan (kuugu leh),,
Parties,partyNewOpeningPayableLabel,label,24,Opening balance (you owe them),Deyn furitaan (aad u leh),,
Parties,partyNewOpeningBalanceHelper,helper,,Optional — for old debts from before this app.,Ikhtiyaari — deynta hore ka horeysay app-kan.,,
Parties,partyDetailEditTooltip,body,,Edit name & phone,Bedel magaca & telefoonka,,
Menu,drawerPeopleHeader,header,24,PEOPLE,DADKA,,
Menu,drawerCustomers,body,,Customers,Macaamiisha,,
Menu,drawerSuppliers,body,,Suppliers,Alaab Keenayaasha,,
Common,customersTitle,title,20,Customers,Macaamiisha,,
Receive,suppliersTitle,title,20,Suppliers,Alaab Keenayaasha,,
Common,customersSearchHint,hint,,Search customer,Raadi macmiil,,
Receive,suppliersSearchHint,hint,,Search supplier,Raadi bixiye,,
Common,customersAddButton,button,18,Add,Ku dar,,
Receive,suppliersAddButton,button,18,Add,Ku dar,,
Common,customersHasBalanceChip,body,,Has receivable only,Oo deyn kuu leh,,
Receive,suppliersHasBalanceChip,body,,Has payable only,Oo deyn ku leh,,
Common,customersHeadlineLabel,label,24,Customers owe you,Deyn lagaa qabo,,
Receive,suppliersHeadlineLabel,label,24,You owe suppliers,Deyn aad qabto,,
Common,customersHeadlineCount,body,,"{count, plural, =0{No customers with balance} =1{1 customer with balance} other{{count} customers with balance}}","{count, plural, =0{Macmiil deyn leh ma jiro} =1{1 macmiil oo deyn leh} other{{count} macaamiil oo deyn leh}}",,
Receive,suppliersHeadlineCount,body,,"{count, plural, =0{No suppliers with balance} =1{1 supplier with balance} other{{count} suppliers with balance}}","{count, plural, =0{Bixiye deyn leh ma jiro} =1{1 bixiye oo deyn leh} other{{count} bixiye oo deyn leh}}",,
Common,peopleSortLabel,label,24,Sort,Habayn,,
Common,peopleSortByReceivable,body,,By debt (most first),Deyn (kii ugu badnaa horta),,
Common,peopleSortByPayable,body,,By debt (most first),Deyn (kii ugu badnaa horta),,
Common,peopleSortByName,body,,Alphabetical,Magac (alifba),,
Products,stockAdjustTitle,title,20,Adjust {name} stock,Hagaaji kayd {name},,
Products,stockAdjustCurrentLabel,label,24,Current: {amount} {unit},Hadda: {amount} {unit},,
Products,stockAdjustModeOpening,body,,Opening,Furitaan,,
Products,stockAdjustModeAdd,body,,Add,Ku dar,,
Products,stockAdjustModeSubtract,body,,Subtract,Ka jar,,
Products,stockAdjustModeSetExact,body,,Set exact,Cusub,,
Products,stockAdjustModeOpeningHelper,helper,,Stock you had on day one — before this app.,Kayddii aad hore u haysatay ka hor app-kan.,,
Products,stockAdjustModeAddHelper,helper,,Stock received outside a bono (e.g. found behind the shelf).,Kayd la helay oo aan bono ku jirin.,,
Products,stockAdjustModeSubtractHelper,helper,,"Spoilage, waste, or any loss you can't refund.","Burburin, lumin, ama wax aan dib loo celin karin.",,
Products,stockAdjustModeSetExactHelper,helper,,Type the new total after a physical count.,Geli tirada saxda ah ee aad heshay.,,
Products,stockAdjustAmountLabel,label,24,Amount ({unit}),Tirada ({unit}),,
Products,stockAdjustUnitCostLabel,label,24,Cost per {unit} ({currency}),Qiimaha {unit} ({currency}),,
Products,stockAdjustUnitCostRequiredMessage,empty_error,,Enter the cost per unit so average cost stays correct.,Geli qiimaha xidhmadda si qiimaha celceliska u sii saxo.,,
Products,stockAdjustNotesLabel,label,24,Note (optional),Faallo (ikhtiyaari),,
Products,stockAdjustPreview,body,,New stock: {amount} {unit},Kaydka cusub: {amount} {unit},,
Products,stockAdjustSaveButton,button_save,12,SAVE,KEYDI,,
Products,stockAdjustFailedMessage,empty_error,,Could not save the adjustment. Try again.,Ma keydin karno hagaajinta. Isku day mar kale.,,
Products,stockAdjustInvalidAmountMessage,empty_error,,Enter a valid amount.,Geli tiro sax ah.,,
Common,barcodeAddDialogTitle,title,20,Add barcode,Ku dar bar code,,
Common,barcodeAddDialogHint,hint,,e.g. 6291100123456,tusaale: 6291100123456,,
Common,barcodeAddDialogSetPrimary,body,,Make primary,Ka dhig kan koowaad,,
Common,barcodeChipMakePrimary,body,,Make primary,Ka dhig kan koowaad,,
Common,barcodeChipRemove,body,,Remove,Tirtir,,
Common,barcodeAddTooltip,body,,Add barcode,Ku dar bar code,,
Common,aliasAddDialogTitle,title,20,Add another name,Ku dar magac kale,,
Common,aliasAddDialogHint,hint,,e.g. Riis (Somali),tusaale: Rice (Ingiriis),,
Common,aliasAddDialogLanguage,body,,Language,Luqadda,,
Common,aliasAddTooltip,body,,Add other name,Ku dar magac kale,,
Common,languageNone,body,,Any,Mid kasta,,
Products,productsHeadline,body,,"{total, plural, =0{No products yet} =1{1 product} other{{total} products}} · {low} low · {noPrice} without price","{total, plural, =0{Alaab weli ma jiro} =1{1 alaab} other{{total} alaab}} · {low} yaraatey · {noPrice} qiimo la'aan",,
Products,productsSortLabel,label,24,Sort,Habayn,,
Products,productsSortByName,body,,Name (A–Z),Magaca (A–Z),,
Products,productsSortByStockLow,body,,Stock (low first),Kayd (kii ugu yaraa horta),,
Menu,drawerProductsHeader,header,24,PRODUCTS,ALAAB,,
Menu,drawerTopMovers,body,,Top movers,Kuwa ugu badan iibka,,
Common,topMoversTitle,title,20,Top movers,Kuwa ugu badan iibka,,
Common,topMoversPeriodSubtitle,body,,Last {days} days,{days}-dii maalmood,,
Common,topMoversPeriodTooltip,body,,Period,Muddo,,
Common,topMoversPeriodOption,body,,Last {days} days,{days}-dii maalmood,,
Common,topMoversTopSegment,body,,Top sellers,Kuwa ugu badan iibka,,
Common,topMoversDeadSegment,body,,Dead stock (no sales),Kayd aan iib lahayn,,
Common,topMoversEmptyMessage,empty_error,,No sales in this period.,Iib waqtigan ma jiro.,,
Menu,drawerLowStock,body,,Low stock,Alaab yaraatey,,
Menu,drawerSetupHeader,header,24,SETUP,DEJINTA,,
Menu,drawerProducts,home_tile,14,Products,Alaab,,
Menu,drawerSettings,body,,Settings,Qaabayn,,
Receive,receiveFrom,body,,Receive from {supplier},Ka qaado {supplier},,
Common,item,body,,Item,Alaab,,
Common,unit,body,,Unit,Halbeeg,,
Common,cost,body,,Cost,Qiimaha uu ku fadhiyo,,
Common,perUnit,body,,per unit,midkiiba,,
Common,line,body,,line,sadar,,
Common,lineTotal,body,,Line total,Wadarta sadar,,
Receive,bonoTotal,body,,Bono total,Wadarta bono,,
Common,credit,body,,Credit,Deyn,,
Common,clear,body,,CLEAR,TIRTIR,,
Payment,paymentTitle,title,20,Payment,Lacag bixin,,
Common,amount,body,,Amount,qadar Lacag,,
Expense,expenseTitle,title,20,Expense,Qarashaad,,
Common,category,body,,Category,Nooc,,
Common,rent,body,,Rent,Kiro,,
Common,salary,body,,Salary,Mushahar,,
Common,other,body,,Other,Kale,,
Common,supabaseConfigTitle,title,20,Connect DukanPro to Supabase,DukanPro ku xir Supabase,,
Common,supabaseConfigMessage,empty_error,,Add Supabase URL and anon key to use login. You can still open the prototype screens.,Ku dar Supabase URL iyo anon key si login loo isticmaalo. Weli waad furi kartaa shaashadaha tijaabada.,,
Common,supabaseConfigCommand,body,,flutter run --dart-define=SUPABASE_URL=... --dart-define=SUPABASE_ANON_KEY=...,flutter run --dart-define=SUPABASE_URL=... --dart-define=SUPABASE_ANON_KEY=...,,
Common,openPrototype,body,,Open prototype,Fur tijaabada,,
Onboarding,loginTitle,title,20,Login,Soo gal,,
Onboarding,loginTabPhone,body,,Phone,Taleefan,,
Onboarding,loginTabEmail,body,,Email,Iimayl,,
Onboarding,loginHeadline,body,,Use your phone number,Isticmaal telefoonkaaga,,
Onboarding,loginBody,body,,We will send a one-time code. DukanPro can deliver it by WhatsApp from the backend.,"Waxaan kuu diraynaa kood hal mar la isticmaalo, text ama whatsapp.",,
Onboarding,loginEmailHeadline,body,,Use your email,Isticmaal iimaylkaaga,,
Onboarding,loginEmailBody,body,,We will email you a one-time code.,Waxaan iimaylkaaga ku soo diri doonnaa kood hal mar la isticmaalo.,,
Onboarding,phoneNumberLabel,label,24,Phone number,Lambarka telefoonka,,
Onboarding,emailAddressLabel,label,24,Email,Iimayl,,
Common,sendOtpButton,button,18,SEND CODE,DIR KOOD,,
Common,sendEmailOtpButton,button,18,SEND CODE,DIR KOOD,,
Common,verifyOtpTitle,title,20,Enter code,Geli kood,,
Common,verifyOtpHeadline,body,,Check your phone,Eeg telefoonkaaga,,
Common,verifyOtpHeadlineEmail,body,,Check your email,Eeg iimaylkaaga,,
Common,verifyOtpBody,body,,Enter the code sent to {phone}.,Geli koodka loo diray {phone}.,,
Common,verifyOtpBodyEmail,body,,Enter the code sent to {email}.,Geli koodka loo diray {email}.,,
Onboarding,otpCodeLabel,label,24,Code,Kood,,
Common,verifyOtpButton,button,18,VERIFY,XAQIIJI,,
Common,changePhoneButton,button,18,Change phone number,Bedel lambarka telefoonka,,
Common,changeEmailButton,button,18,Change email,Bedel iimaylka,,
Onboarding,ownerOnboardingTitle,title,20,Create shop,Abuur dukaan,,
Onboarding,ownerOnboardingHeadline,body,,Set up your first shop,Diyaari dukaanka koowaad,,
Onboarding,ownerOnboardingBody,body,,Enter the business and shop names. You can add workers later.,Geli magaca ganacsiga iyo dukaanka. Shaqaale waad ku dari kartaa marka dambe.,,
Common,businessNameLabel,label,24,Business name,Magaca ganacsiga,,
Common,shopNameLabel,label,24,Shop name,Magaca dukaanka,,
Onboarding,createShopButton,button,18,CREATE SHOP,ABUUR DUKAAN,,
Common,chooseShopTitle,title,20,Choose shop,Dooro dukaan,,
Common,shopSetupStatus,body,,Setup: {status},Diyaarin: {status},,
Common,activeShopLabel,label,24,Shop: {shop},Dukaan: {shop},,
Common,signOut,body,,Sign out,Ka bax,,
Common,queueCapExceededToast,toast,,Some old unsynced data was dropped — your phone was offline too long.,Xog hore oo aan la kaydin ayaa la tirtiray — telefoonkaagu wuxuu daahay xagga internet-ka.,,
Common,signOutPendingDialogTitle,title,20,Unsynced data,Xog aan la kaydin,,
Common,signOutPendingDialogBody,body,,"{count, plural, =1{You have 1 post that has not synced yet.} other{You have {count} posts that have not synced yet.}} Sign out anyway? They will sync the next time you sign in.","{count, plural, =1{Waxaad haysataa 1 diiwaan oo aan weli la kaydin.} other{Waxaad haysataa {count} diiwaan oo aan weli la kaydin.}} Ma rabtaa inaad sii baxdo? Markaad mar kale gasho ayaa la kaydin doonaa.",,
Common,signOutPendingDialogCancel,body,,Cancel,Jooji,,
Common,signOutPendingDialogConfirm,body,,Sign out,Ka bax,,
Common,invalidPhoneMessage,empty_error,,"Enter a valid phone number, for example +252612345678.","Geli lambar telefoon sax ah, tusaale +252612345678.",,
Common,invalidEmailMessage,empty_error,,"Enter a valid email, for example you@example.com.","Geli iimayl sax ah, tusaale you@example.com.",,
Common,missingPendingPhoneMessage,empty_error,,Start with your phone number first.,Marka hore ku bilow lambarka telefoonkaaga.,,
Common,missingPendingDestinationMessage,empty_error,,Start with your phone or email first.,Marka hore ku bilow taleefan ama iimayl.,,
Common,missingShopNamesMessage,empty_error,,Enter both business name and shop name.,Geli magaca ganacsiga iyo magaca dukaanka labadaba.,,
Common,sendOtpFailedMessage,empty_error,,We could not send the code. Check the phone number or internet and try again.,"Koodka lama diri karin. Hubi lambarka ama internetka, ka dib mar kale isku day.",,
Common,sendEmailOtpFailedMessage,empty_error,,We could not email the code. Check the address or your internet and try again.,"Koodka iimaylka lama diri karin. Hubi cinwaanka ama internet-ka, ka dib mar kale isku day.",,
Onboarding,emailAccountNotFoundMessage,empty_error,,No account found for that email. Ask your shop owner to add you.,Iimaylkaas account uma jiro. Weydiiso milkiilaha dukaanka inuu ku daro.,,
Common,verifyOtpFailedMessage,empty_error,,The code is wrong or expired. Check the code and try again.,"Koodku waa khalad ama wuu dhacay. Hubi koodka, ka dib mar kale isku day.",,
Onboarding,createShopFailedMessage,empty_error,,We could not create the shop. Check your internet and try again.,"Dukaanka lama abuuri karin. Hubi internetka, ka dib mar kale isku day.",,
Common,shopLoadFailedTitle,title,20,Could not open shops,Dukaamada lama furi karin,,
Common,shopLoadFailedMessage,empty_error,,"Check your internet and try again. If this continues, ask the shop owner to check your access.","Hubi internetka, ka dib mar kale isku day. Haddii ay sii socoto, milkiilaha ha kuu hubiyo gelitaanka.",,
Common,tryAgain,body,,TRY AGAIN,MAR KALE ISKU DAY,,
Onboarding,setupStepTemplateTitle,title,20,Choose your shop type,Dooro nooca dukaankaaga,,
Onboarding,setupStepTemplateBody,body,,Pick a starter pack so common items and settings are ready for you.,Dooro xirmo bilow si waxyaalaha caadiga ah iyo goobaha loo diyaariyo.,,
Onboarding,setupStepTemplateDone,body,,Type chosen: {name},Nooca la doortay: {name},,
Onboarding,setupStepFinishBody,body,,Confirm and start using your shop.,Xaqiiji oo bilow isticmaalka dukaankaaga.,,
Onboarding,setupStepFinishButton,button,18,FINISH SETUP,DHAMEE DIYAARINTA,,
Common,applyTemplateButton,button,18,USE THIS,ISTICMAAL TAN,,
Common,applyTemplateFailedMessage,empty_error,,Could not apply the template. Check your internet and try again.,Xirmada lama dabaqi karin. Hubi internetka oo isku day mar kale.,,
Common,templatesEmptyMessage,empty_error,,No shop types are available yet. Contact support if this keeps happening.,Weli ma jiraan noocyo dukaan. La xiriir support haddii ay sii socoto.,,
Common,completeSetupFailedMessage,empty_error,,Could not finish setup. Try again.,Diyaarinta lama dhamayn. Isku day mar kale.,,
Settings,settingsTitle,title,20,Settings,Diyaarinta,,
Settings,settingsShopNameLabel,label,24,Shop name,Magaca dukaanka,,
Settings,settingsCurrencyLabel,label,24,Currency,Lacagta,,
Settings,settingsLanguageLabel,label,24,Default language,Luuqada caadiga ah,,
Settings,settingsTimezoneLabel,label,24,Timezone,Saacadda goobta,,
Settings,settingsSaveButton,button_save,12,SAVE,KEYDI,,
Settings,settingsSavedToast,toast,,Settings saved,Diyaarinta waa la keydiyay,,
Settings,settingsSaveFailedMessage,empty_error,,Could not save settings. Try again.,Diyaarinta lama keydin karin. Isku day mar kale.,,
Settings,settingsCurrencyLockedMessage,empty_error,,Currency can't be changed once the shop has recorded a transaction. Contact support to change it.,Lacagta lama beddeli karo marka dukaanku diiwaangeliyo wax ganacsi. La xiriir taageerada si aad u beddesho.,,
Products,productsTitle,title,20,Products,Alaab,,
Products,productsSearchHint,hint,,Search Somali or English,Ku Raadi Soomaali ama Ingiriis,,
Products,productsNewItemButton,button,18,NEW ITEM,Alaab CUSUB,,
Products,productsEmptyMessage,empty_error,,No items yet. Add one from the catalog below.,Alaabo maleh. Kudar hadda liiska guud.,,
Products,productsSearchEmptyMessage,empty_error,,Nothing matches “{query}”.,Wax la mid ah “{query}” maleh.,,
Products,productsLoadFailedMessage,empty_error,,Could not load products. Check your internet and try again.,Alaabo lama soo dejin karin. Hubi internetka oo isku day mar kale.,,
Sale,saleTitle,title,20,Sale,Iibin,,
Sale,saleSearchHint,hint,,Search Somali or English,Ku Raadi Soomaali ama Ingiriis,,
Sale,saleCartSummary,body,,"{count, plural, =0{No items} =1{1 item} other{{count} items}} · {total}","{count, plural, =0{Alaab maleh} =1{1 shay} other{{count} shay}} · {total}",,
Sale,saleEmptyFavoritesMessage,empty_error,,Add products from the catalog to see them here.,Ku dar alaabo liiska guud si aad halkan ku aragto.,,
Sale,saleSearchEmptyMessage,empty_error,,Nothing matches “{query}”.,Wax la mid ah “{query}” ma jiraan.,,
Sale,saleLoadFailedMessage,empty_error,,Could not load items. Check your internet and try again.,Alaabo lama soo dejin karin. Hubi internetka oo isku day mar kale.,,
Sale,saleCash,body,,Cash,Lacag,,
Sale,saleDebt,body,,Debt,Deyn,,
Sale,salePickCustomerButton,button,18,Pick customer,Dooro macmiil,,
Sale,saleCustomerChip,body,,{name} · owes {amount},{name} · wuxuu qabaa {amount},,
Sale,saleSaveButton,button_save,12,SAVE,KEYDI,,
Sale,salePostFailedMessage,empty_error,,Could not save the sale. Check your internet and try again.,Iibka lama keydin karin. Hubi internetka oo isku day mar kale.,,
Sale,saleNeedItemsMessage,empty_error,,Add at least one item before saving.,Marka hore ku dar ugu yaraan hal shay.,,
Sale,saleNeedCustomerMessage,empty_error,,Pick the customer for this debt sale.,Dooro macmiilka iibka deynta ah.,,
Common,customerPickerTitle,title,20,Choose customer,Dooro macmiil,,
Common,customerPickerSearchHint,hint,,Search name or phone,Raadi magaca ama telefoonka,,
Common,customerPickerOwesLabel,label,24,owes {amount},wuxuu qabaa{amount},,
Common,customerPickerNoDebtLabel,label,24,no debt,deyn la'aan,,
Common,customerPickerEmptyMessage,empty_error,,No customers yet. Add one when you record a debt sale.,Wali macmiil ma jiro. Ku dar marka aad qorto iib deyn ah.,,
Common,customerPickerSearchEmptyMessage,empty_error,,No customers match “{query}”.,Macmiil la mid ah “{query}” ma jiro.,,
Common,customerPickerLoadFailedMessage,empty_error,,Could not load customers. Check your internet and try again.,Macaamiisha lama soo dejin karin. Hubi internetka oo isku day mar kale.,,
Common,customerNewButton,button,18,+ NEW CUSTOMER,+ MACMIIL CUSUB,,
Parties,partyNewCustomerTitle,title,20,New customer,Macmiil cusub,,
Parties,partyNewSupplierTitle,title,20,New supplier,Alaab keene cusub,,
Parties,partyNewNameLabel,label,24,Name,Magaca,,
Parties,partyNewPhoneLabel,label,24,Phone,Telefoonka,,
Parties,partyNewSaveButton,button_save,12,ADD,KU DAR,,
Parties,partyNewNameRequiredMessage,empty_error,,Enter a name,Geli magac,,
Parties,partyNewSaveFailedMessage,empty_error,,Could not add. Check your internet and try again.,Luguma dari karin. Hubi internetka oo isku day mar kale.,,
Payment,paymentTypeCustomer,body,,Customer,Macmiil,,
Payment,paymentTypeSupplier,body,,Supplier,Alaab keene,,
Payment,paymentTypeCustomerHint,hint,,Customer is paying you back,Macmiilku wuxuu ku siinayaa lacag,,
Payment,paymentTypeSupplierHint,hint,,You are paying the supplier,Waxaad alaab keenaha siinaysaa lacag,,
Payment,paymentPickCustomerButton,button,18,Pick customer,Dooro macmiil,,
Payment,paymentPickSupplierButton,button,18,Pick supplier,Dooro alaab keene,,
Payment,paymentCustomerOwesLabel,label,24,Owes you {amount},Wuxuu kuu leeyahay {amount},,
Payment,paymentSupplierOwedLabel,label,24,You owe {amount},Waxaad ka qabtaa {amount},,
Payment,paymentAmountLabel,label,24,Amount paid,Lacagta la bixiyay,,
Payment,paymentSaveButton,button_save,12,SAVE,KEYDI,,
Payment,paymentNotesLabel,label,24,Note,Qoraal,,
Payment,paymentSavedToast,toast,,Payment saved,Lacag bixinta waa la keydiyay,,
Payment,paymentNeedPartyMessage,empty_error,,"Pick a {type, select, supplier{supplier} other{customer}} first.","Marka hore dooro {type, select, supplier{alaab keenaha} other{macmiilka}}.",,
Payment,paymentNeedAmountMessage,empty_error,,Enter an amount greater than zero.,Geli lacag ka badan eber.,,
Payment,paymentExceedsBalanceMessage,empty_error,,Amount cannot exceed the outstanding balance ({amount}).,Lacagtu kama badnaan karto wadarta deynta ({amount}).,,
Payment,paymentPostFailedMessage,empty_error,,Could not save the payment. Check your internet and try again.,Lacag bixinta lama keydin karin. Hubi internetka oo isku day mar kale.,,
Payment,paymentChooseInvoicesChip,body,,Choose invoices,Dooro biilasha,,
Payment,paymentChooseInvoicesChipDone,body,,"{count, plural, =1{1 invoice chosen} other{{count} invoices chosen}}","{count, plural, =1{1 biil ayaa la doortay} other{{count} biil ayaa la doortay}}",,
Common,allocationHeader,header,24,{party} · choose invoices,{party} · dooro biilasha,,
Common,allocationToAllocate,body,,{amount} to allocate,{amount} ayaa la qaybinaayaa,,
Common,allocationRowOpen,body,,Open {open} of {original},Furan {open} ee {original},,
Common,allocationStillToAllocate,body,,Still to allocate: {amount},Wali waxaa hadhay: {amount},,
Common,allocationOverAllocated,body,,Over by {amount},Waad dheereysay: {amount},,
Common,allocationBalanced,body,,Balanced,Saxan,,
Common,allocationApplyButton,button,18,APPLY,ADKEE,,
Common,allocationNeedAtLeastOne,body,,Choose at least one invoice to apply.,Doorro biil ugu yaraan mid si aad u adkayso.,,
Common,allocationLoadFailed,body,,Could not load open invoices.,Biilasha furan lama soo qaadan karin.,,
Common,allocationNoOpenInvoices,body,,No open invoices for this person.,Biil furan oo qofkan ah ma jiraan.,,
Parties,partyDetailOpenInvoicesHeader,header,24,Open invoices,Biilasha furan,,
Parties,partyDetailOpenInvoiceRow,body,,{open} open of {original},{open} furan oo {original},,
Expense,expenseCategoryLabel,label,24,Category,Nooca,,
Expense,expenseAmountLabel,label,24,Amount,Lacagta,,
Expense,expenseSaveButton,button_save,12,SAVE,KEYDI,,
Expense,expenseNotesLabel,label,24,Note,Qoraal,,
Expense,expenseSavedToast,toast,,Expense saved,Qarashka waa la keydiyay,,
Expense,expenseNeedCategoryMessage,empty_error,,Pick a category first.,Marka hore dooro nooc.,,
Expense,expenseNeedAmountMessage,empty_error,,Enter an amount greater than zero.,Geli lacag ka badan eber.,,
Expense,expenseLoadFailedMessage,empty_error,,Could not load categories. Check your internet and try again.,Noocyada lama soo dejin karin. Hubi internetka oo isku day mar kale.,,
Expense,expensePostFailedMessage,empty_error,,Could not save the expense. Check your internet and try again.,Qarashka lama keydin karin. Hubi internetka oo isku day mar kale.,,
Expense,expenseEmptyMessage,empty_error,,No expense categories yet. Pick a shop type in Settings.,Wali noocyada qarashaadka lama galin. Ka dooro nooca dukaanka meesha Diyaarinta.,,
Sale,saleHistoryTitle,title,20,Sales,Iibin,,
History,historyYesterday,body,,Yesterday,Shalay,,
History,historyToday,body,,Today,Maanta,,
Sale,saleHistoryTooltip,body,,Sales history,Sooyaalka iibka,,
Sale,saleHistoryEmptyMessage,empty_error,,No sales yet. The first SAVE on the Sale screen will land here.,Wali waxba lama gadin.  Marka hore wax gad.,,
Sale,saleHistoryLoadFailedMessage,empty_error,,Could not load sales. Check your internet and try again.,Iibka lama soo dejin karin. Hubi internetka oo isku day mar kale.,,
Sale,saleHistoryCashLabel,label,24,Cash,Kaash,,
Sale,saleHistoryDebtLabel,label,24,Debt · {name},Deyn · {name},,
Sale,saleHistoryVoidedBadge,chip,12,Voided,LagaNoqday,,
Sale,saleDetailTitle,title,20,Sale,Iib,,
Sale,saleDetailVoidedHeader,header,24,Voided,LagaNoqday,,
Sale,saleDetailVoidButton,button,18,VOID THIS SALE,Ka noqo IIBKA,,
Expense,expenseDetailTitle,title,20,Expense,Kharash,,
Expense,expenseDetailVoidButton,button,18,VOID THIS EXPENSE,TIRTIR KHARASHKAN,,
Expense,expenseDetailLoadFailedMessage,empty_error,,Couldn't load this expense.,Lama soo qaadan karin kharashkan.,,
Expense,expenseVoidConfirmTitle,dialog_title,30,Void this expense?,Tirtir kharashkan?,,
Expense,expenseVoidConfirmBody,dialog_body,,This reverses the expense. It can't be undone.,Tani way ka noqonaysaa kharashka. Lama soo celin karo.,,
Expense,expenseVoidConfirmYes,button,14,VOID,TIRTIR,,
Expense,expenseVoidedToast,toast,,Expense voided,Kharash waa la tirtiray,,
Expense,expenseVoidFailedMessage,empty_error,,Couldn't void this expense.,Lama tirtiri karin kharashkan.,,
Payment,paymentDetailVoidButton,button,18,VOID THIS PAYMENT,TIRTIR LACAGTAN,,
Payment,paymentVoidConfirmTitle,dialog_title,30,Void this payment?,Tirtir lacagtan?,,
Payment,paymentVoidConfirmBody,dialog_body,,This reverses the payment and reopens what it settled. It can't be undone.,Tani way ka noqonaysaa lacagta oo dib u furaysaa wixii la bixiyay. Lama soo celin karo.,,
Payment,paymentVoidConfirmYes,button,14,VOID,TIRTIR,,
Payment,paymentVoidedToast,toast,,Payment voided,Lacag waa la tirtiray,,
Payment,paymentVoidedHeader,header,24,Voided,La tirtiray,,
Payment,paymentVoidFailedMessage,empty_error,,Couldn't void this payment.,Lama tirtiri karin lacagtan.,,
Payment,paymentVoidWindowPassedHint,hint,,Void window passed,Wakhtigii tirtiridda wuu dhammaaday,,
Sale,saleDetailLineSubtotal,body,,{quantity} {unit} × {unitPrice} = {subtotal},{quantity} {unit} × {unitPrice} = {subtotal},,
Sale,saleDetailTotalLabel,label,24,Total,Wadar,,
Sale,saleDetailCashLabel,label,24,Cash,Kaash,,
Sale,saleDetailDebtLabel,label,24,Debt,Deyn,,
Common,receiptNumberLabel,label,24,Receipt,Rasiidka,,
Common,receiptDateLabel,label,24,Date,Taariikhda,,
Common,receiptThankYou,body,,Thank you!,Mahadsanid!,,
Sale,saleDetailLoadFailedMessage,empty_error,,Could not load this sale.,Iibkaan lama soo dejin karin.,,
Sale,saleReceiptShareButton,button,18,SHARE RECEIPT,U DIR RASIID,,
Sale,saleReceiptDoneButton,button,18,DONE,DHAMMEYSTIR,,
Sale,saleHistoryReceiptTooltip,body,,Open receipt,Fur rasiidka,,
Sale,saleVoidConfirmTitle,dialog_title,30,Void this sale?,Ka noqo iibkan?,,
Sale,saleVoidConfirmBody,dialog_body,,"This will reverse the sale, restore the stock, and clear the customer's debt for it.","Iibka waa laga noqo doonaa, alaabta kayd-ka lugu celi doonaa, deynta macmiilka waa laga jari doonaa.",,
Sale,saleVoidConfirmYes,button,14,VOID,KaNoqo,,
Sale,saleVoidConfirmNo,button,14,CANCEL,JOOJI,,
Sale,saleVoidRefundCheckboxLabel,label,24,Refund cash to the customer,Lacagta u celi macmiilka,,
Sale,saleVoidRefundAmountLabel,label,24,Refund amount,Lacagta la celiyay,,
Sale,saleVoidRefundPaidHint,hint,,paid: {amount},la bixiyay: {amount},,
Sale,saleVoidRefundExceedsPaidMessage,empty_error,,Refund cannot exceed the cash paid ({paid}).,Lacagta la celiyay kama badnaan karto lacagta la bixiyay ({paid}).,,
Sale,saleVoidedToast,toast,,Sale voided,Iibka waa laga noqday,,
Sale,saleVoidFailedMessage,empty_error,,Could not void this sale. Try again.,Iibka lagama noqo karin. Isku day mar kale.,,
Sale,saleVoidErrorOwnerOnly,body,,Only the shop owner can void a sale.,Kaliya milkiilaha dukaanka ayaa joojin kara iibka.,,
Sale,saleVoidErrorWindowExpired,body,,Too late to void — sales can only be voided within 7 days of posting.,Goorta way dhammaatay — iibyada waxaa la joojin karaa 7 maalmood gudahood.,,
Sale,saleVoidErrorAlreadyVoided,body,,This sale was already voided.,Iibkan hore ayaa loo joojiyay.,,
Sale,saleVoidErrorRefundNeedsCustomer,body,,Walk-in sales can't be refunded — there's no customer to refund to.,Iibyada xayeysiis (walk-in) lama soo celin karo — macmiil aan loogu celiyo ma jiro.,,
Sale,saleVoidErrorRefundExceedsPaid,body,,Refund can't be more than the cash paid at the till.,Soo-celinta lagama wada-weynaan karo lacagta kaashka.,,
Sale,saleVoidErrorNotFound,body,,Sale not found. Pull to refresh and try again.,Iibka lama helin. Cusboonaysii oo isku day mar kale.,,
Receive,receiveHistoryTitle,title,20,Receives,Alaabtii La dajiyey,,
Receive,receiveHistoryTooltip,body,,Receive history,Sooyaalka Alaab keenida,,
Receive,receiveHistoryEmptyMessage,empty_error,,No receives yet. The first SAVE on the Receive screen will land here.,Wali Alaab Lama dejin. Marka hore alaab daji.,,
Receive,receiveHistoryLoadFailedMessage,empty_error,,Could not load receives. Check your internet and try again.,Sooyaalka Alaab Keenida lama soo dejin karin. Hubi internetka oo isku day mar kale.,,
Receive,receiveHistorySupplierLabel,label,24,Supplier · {name},Alaab keene · {name},,
Receive,receiveHistoryVoidedBadge,chip,12,Voided,Laga Noqday,,
Receive,receiveDetailTitle,title,20,Receive,Alaab La Dajiyey,,
Receive,receiveDetailVoidedHeader,header,24,Voided,Laga Noqday,,
Receive,receiveDetailVoidButton,button,18,VOID THIS RECEIVE,Ka Noqo BONADAN,,
Receive,receiveDetailLineSubtotal,body,,{quantity} {unit} × {unitCost} = {subtotal},{quantity} {unit} × {unitCost} = {subtotal},,
Receive,receiveDetailTotalLabel,label,24,Total,Wadar,,
Receive,receiveDetailLoadFailedMessage,empty_error,,Could not load this receive.,Alaab dajintan lama soo dejin karin.,,
Receive,receiveVoidConfirmTitle,dialog_title,30,Void this receive?,Ka noqo alaab dajintan?,,
Receive,receiveVoidConfirmBody,dialog_body,,"Use this only when you typed the receive wrong. It reverses the receive, removes the stock, and clears what you owe the supplier for it.","Tan u isticmaal kaliya marka aad qaladka u dhigtay alaab dajinta. Alaab dajinta waa laga noqo doonaa, alaabta kayd-ka waa laga dhimi doonaa, oo lacagta aad alaab keenaha ka qabto ee alaab dajintan waa la nadiifin doonaa.",,
Receive,receiveVoidMistakesOnlyHint,hint,,"Mistakes only. For real returns to the supplier, record a Payment instead.","Kaliya qaladaad. Haddii aad alaab keenaha wax u celineyso, taas u qor lacag-bixinta.",,
Receive,receiveVoidConfirmYes,button,14,VOID,KaNoqo,,
Receive,receiveVoidConfirmNo,button,14,CANCEL,JOOJI,,
Receive,receiveVoidedToast,toast,,Receive voided,Alaab dajinta waa laga noqday,,
Receive,receiveVoidFailedMessage,empty_error,,Could not void this receive. Check your internet and try again.,Alaab dajinta lagama noqo karin. Hubi internetka oo isku day mar kale.,,
Receive,receiveVoidBlockedStockMessage,empty_error,,Some items from this receive have already moved. Void blocked.,Alaabaha alaab dajintan qaarkood mar hore wuu dhaqaaqay. Ka noqoshada waa la joojiyay.,,
Sale,cartLineSubtotal,body,,{quantity} × {unitPrice} = {subtotal},{quantity} × {unitPrice} = {subtotal},,
Sale,cartRemoveLineTooltip,body,,Remove {name},Ka saar {name},,
Sale,cartClearAllButton,button,18,Clear,Tirtir,,
Sale,cartClearConfirmTitle,dialog_title,30,"Clear {count, plural, =1{1 item} other{{count} items}} from cart?","Ka tirtir {count, plural, =1{1 shay} other{{count} shay}} danbiisha?",,
Sale,cartClearConfirmBody,dialog_body,,This won't undo any saved sale.,Tan ma noqonayso iib hore loo keydiyay.,,
Sale,cartClearConfirmYes,button,14,CLEAR,TIRTIR,,
Sale,cartClearConfirmNo,button,14,CANCEL,JOOJI,,
Sale,lineEditorDoneButton,button,18,DONE,DHAMME,,
Sale,lineEditorPriceRequiredHelper,helper,,Set a price for this item,Geli qiimaha shaygan,,
Sale,lineEditorInvalidPriceMessage,empty_error,,Enter a number 0 or more,Geli lambar 0 ama wax ka badan,,
Sale,lineEditorTilePriceMissing,body,,—,—,,
Receive,supplierPickerTitle,title,20,Pick supplier,Dooro alaab keenaha,,
Receive,supplierPickerSearchHint,hint,,Search name or phone,Ku Raadi magaca ama telefoonka,,
Receive,supplierPickerOwesLabel,label,24,you owe {amount},waxaad ka qabtaa {amount},,
Receive,supplierPickerNoBonosLabel,label,24,no receives yet,alaab dajin maleh,,
Receive,supplierPickerEmptyMessage,empty_error,,No suppliers yet. Add one when you record a receive.,Alaab keene maleh. Ku dar marka aad qorto alaab dajin.,,
Receive,supplierPickerSearchEmptyMessage,empty_error,,No suppliers match “{query}”.,Alaab keene la mid ah “{query}” maleh.,,
Receive,supplierPickerLoadFailedMessage,empty_error,,Could not load suppliers. Check your internet and try again.,Alaab keenayaasha lama soo dejin karin. Hubi internetka oo isku day mar kale.,,
Receive,supplierNewButton,button,18,+ NEW SUPPLIER,+ ALAAB KEENE CUSUB,,
Receive,receiveSearchHint,hint,,Search Somali or English,Ku Raadi Soomaali ama Ingiriis,,
Receive,receiveLoadFailedMessage,empty_error,,Could not load items. Check your internet and try again.,Alaabo lama soo dejin karin. Hubi internetka oo isku day mar kale.,,
Receive,receiveEmptyMessage,empty_error,,Tap an item to start the receive. Search if it's not in the grid.,Taabo alaab si aad u bilowdo alaab dajin. Ku raadi haddii aysan ku jirin shabakada.,,
Receive,receiveLineQuantityLabel,label,24,Qty,Tirada,,
Receive,receiveLineTotalLabel,label,24,{currency} total,{currency} wadarta,,
Receive,receiveLineDerivedPerUnit,body,,= {money} per {packaging},= {money} mid kasta {packaging},,
Receive,receiveAddLineButton,button,18,ADD LINE,KU DAR SADAR,,
Receive,receiveLineSubtotal,body,,{quantity} {unit} = {total},{quantity} {unit} · {total},,
Receive,receiveLineRemoveTooltip,body,,Remove {name},Ka saar {name},,
Receive,receiveLinesSummary,body,,"{count, plural, =0{No lines} =1{1 line} other{{count} lines}} · {total}","{count, plural, =0{Wax sadar ah maleh} =1{1 sadar} other{{count} sadar}} · {total}",,
Receive,receiveLinesClearAllButton,button,18,Clear,Tirtir,,
Receive,receiveLinesClearConfirmTitle,dialog_title,30,"Clear {count, plural, =1{1 line} other{{count} lines}}?","Tirtir {count, plural, =1{1 sadar} other{{count} sadar}}?",,
Receive,receiveLinesClearConfirmBody,dialog_body,,This won't undo any saved receive.,Tan ma noqonayso alaab dajin hore loo keydiyay.,,
Receive,receiveLinesClearConfirmYes,button,14,CLEAR,TIRTIR,,
Receive,receiveLinesClearConfirmNo,button,14,CANCEL,JOOJI,,
Receive,receiveSaveButton,button_save,12,SAVE,KEYDI,,
Receive,receiveSavedToast,toast,,Receive saved (on credit),Alaab dajin waa la keydiyay (deyn),,
Receive,receivePostFailedMessage,empty_error,,Could not save the receive. Check your internet and try again.,Alaab dajinta lama keydin karin. Hubi internetka oo isku day mar kale.,,
Receive,receiveNeedSupplierMessage,empty_error,,Pick a supplier before saving.,Dooro alaab keene ka hor inta aadan keydin.,,
Receive,receiveNeedLinesMessage,empty_error,,Add at least one line before saving.,Marka hore ku dar ugu yaraan hal sadar.,,
Receive,unitPickerTitle,title,20,Choose unit,Dooro halbeeg,,
Receive,unitPickerDefaultBadge,chip,12,default,caadi,,
Receive,unitPickerBaseUnit,body,,base unit,halbeeg aasaasi,,
Receive,unitPickerLoadFailedMessage,empty_error,,Could not load units. Try again.,Halbeegyada lama soo dejin karin. Isku day mar kale.,,
Receive,unitPickerAddPackagingButton,button,18,+ Add packaging,+ Ku dar baakad,,
Sale,addNewItemSearchResult,body,,+ Add new item: “{query}”,+ Ku dar alaab cusub: “{query}”,,
Sale,addNewItemSheetTitle,title,20,Add new item,Ku dar alaab cusub,,
Sale,addNewItemNameLabel,label,24,Name,Magaca,,
Sale,addNewItemUnitChooseHint,hint,,Choose,Dooro,,
Sale,addNewItemCategoryLabel,label,24,Category (optional),Nooca (ikhtiyaari),,
Sale,addNewItemCancelButton,button,18,CANCEL,JOOJI,,
Sale,addNewItemAddToSaleButton,button,18,ADD TO SALE,KU DAR IIBKA,,
Sale,addNewItemAddToReceiveButton,button,18,ADD TO RECEIVE,KU DAR ALAAB DAJINTA,,
Sale,addNewItemMissingNameMessage,empty_error,,Name is required,Magaca waa loo baahan yahay,,
Sale,addNewItemMissingUnitMessage,empty_error,,Pick a unit,Dooro halbeeg,,
Sale,addNewItemInvalidPriceMessage,empty_error,,Enter a price (0 or more),Geli qiimaha (0 ama wax ka badan),,
Sale,addNewItemFailedMessage,empty_error,,Could not create the item. Try again.,Alaabta lama abuuri karin. Isku day mar kale.,,
Sale,addNewItemHowSoldHeader,header,24,How is it sold?,Sidee loo iibiyaa?,,
Sale,addNewItemHowDeliveredHeader,header,24,How did the supplier deliver?,Sidee bay alaabkeeneha u keenaan?,,
Sale,addNewItemBaseOnlyTile,body,,By {base},{base} ku iibiya,,
Sale,addNewItemPickedPriceLabel,label,24,Sale price per {packaging},Qiimaha iibka mid kasta {packaging},,
Sale,addNewItemCustomPackagingEntry,body,,+ Custom packaging,+ Baakad gaar ah,,
Sale,addNewItemCustomBaseUnitLabel,label,24,Base unit,Halbeegga aasaasi,,
Sale,addNewItemCustomSoldUnitLabel,label,24,Sold as,Loo iibiyo,,
Sale,addNewItemCustomConversionLabel,label,24,How many {base} in 1 {sold}?,Imisa {base} ayaa ku jira 1 {sold}?,,
Sale,addNewItemMissingPackagingMessage,empty_error,,Pick how it is sold,Dooro sida loo iibiyo,,
Sale,addNewItemLoadOptionsFailedHint,hint,,Could not load suggestions. Pick custom packaging.,Soo jeedimaha lama soo dejin karin. Dooro baakad gaar ah.,,
Sale,addNewItemUseCustomButton,button,18,USE THIS PACKAGING,ISTICMAAL BAAKADAN,,
Sale,addNewItemLooseType,body,,Loose,Furan,,
Receive,addPackagingSheetTitle,title,20,Add packaging,Ku dar baakad,,
Receive,addPackagingUnitLabel,label,24,Unit,Halbeeg,,
Receive,addPackagingConversionLabel,label,24,How many {base} in 1 {unit}?,Imisa {base} ayaa ku jira 1 {unit}?,,
Receive,addPackagingPriceLabel,label,24,Sale price per {unit} (optional),Qiimaha iibka mid kasta {unit} (ikhtiyaari),,
Receive,addPackagingSaveButton,button_save,12,ADD PACKAGING,KU DAR BAAKAD,,
Receive,addPackagingFailedMessage,empty_error,,Could not add the packaging. Try again.,Baakadda luguma dari karin. Isku day mar kale.,,
Receive,addPackagingHeaderBaseUnit,body,,Base unit · {unit},Halbeeg aasaasi · {unit},,
Receive,addPackagingSuggestionsHeader,header,24,Common packagings,Baakado caadi ah,,
Receive,addPackagingCustomEntry,body,,+ Custom packaging,+ Baakad gaar ah,,
Receive,addPackagingLessCommonHeader,header,24,Less common,Kuwo aan caadi ahayn,,
Common,packagingConversionPreview,body,,1 {unit} holds {qty} {base},1 {unit} waxay qaaddaa {qty} {base},,
Receive,addPackagingPickedPriceLabel,label,24,Sale price per {packaging} (optional),Qiimaha iibka mid kasta {packaging} (ikhtiyaari),,
Receive,addPackagingNoSuggestionsHint,hint,,No common packagings yet for this base unit — define your own below.,Halbeegan wali baakado caadi ah uma jiraan — hoosta ka qor mid gaar ah.,,
Receive,addPackagingLoadFailedHint,hint,,Could not load suggestions. Define your own below.,Soo jeedimaha lama soo dejin karin. Hoosta ka qor mid gaar ah.,,
Sale,lineEditorCostHintLabel,label,24,Your last cost: {cost}. Add your usual markup.,Qiimaha aad ku iibsatay ugu dambeysay: {cost}. Ku dar dheeraadkaaga caadi ah.,,
Products,shopItemEditorTitleCreate,body,,Add product,Ku dar alaab cusub,,
Products,shopItemDetailAliasesHeader,header,24,Other names,Magacyo kale,,
Products,shopItemEditorNameLabel,label,24,Name,Magaca,,
Products,shopItemEditorBaseUnitLabel,label,24,Base unit,Halbeeg aasaasi,,
Products,shopItemEditorCategoryLabel,label,24,Category,Nooca,,
Products,shopItemEditorReorderThresholdLabel,label,24,Warn when stock drops below,Soo digi marka kayd-ku ka hooseeyo,,
Products,shopItemEditorReorderThresholdHelper,helper,,In {unit}. Leave blank for no warning.,{unit} ku qor. Ka tag bannaan haddii aadan rabin digniin.,,
Products,shopItemEditorScanIdentifyButton,button,18,Scan,Sken,,
Products,shopItemEditorBarcodeNoMatchToast,toast,,Code {code} isn't in our catalog yet. Fill in the rest and SAVE.,"Koodhka {code} weli kuma jiro cataloga. Buuxi qaybaha kale, ka dibna KAYDI.",,
Products,shopItemEditorPrefillBanner,body,,Found '{name}' in the catalog — review and tweak anything that's different.,Waxaan ka helay '{name}' cataloga — fiiri oo wax ka beddel haddii uu jiro waxa kala duwan.,,
Products,shopItemEditorSuggestionInShop,body,,Already in your shop — tap to open,Horey ayuu dukaankaaga ugu jiray — taabo si aad u furto,,
Products,shopItemEditorSuggestionInCatalog,body,,From global catalog — tap to use,Catalog guud — taabo si aad u isticmaasho,,
Products,shopItemEditorSessionCounter,body,,"{count, plural, one {1 added} other {# added}}","{count, plural, one {1 la daray} other {# la daray}}",,
Products,shopItemEditorSessionSheetTitle,title,20,Added this session,Lagu daray fadhigan,,
Products,shopItemEditorSessionSheetViewAll,body,,View all products →,Eeg dhammaan alaabta →,,
Products,shopItemEditorIdentifyHeader,header,24,Identify,Aqoonsasho,,
Products,shopItemEditorPackagingHeader,header,24,Packaging,Xidhmada,,
Products,shopItemEditorSupplierHeader,header,24,Supplier,Alaab Keene,,
Products,shopItemEditorPickSupplierButton,button,18,Pick supplier,Dooro alaab keene,,
Products,shopItemEditorNewSupplierButton,button,18,NEW,CUSUB,,
Products,shopItemEditorRemoveSupplierTooltip,body,,Remove supplier,Saar alaab keenaha,,
Common,packagingEditorAddTitle,title,20,Add packaging,Ku dar xidhmad,,
Common,packagingEditorEditTitle,title,20,Edit packaging,Bedel xidhmadda,,
Common,packagingEditorSaveButton,button_save,12,SAVE,KEYDI,,
Common,packagingEditorMissingUnitMessage,empty_error,,"Pick a packaging unit (e.g. bag, box).","Dooro nooca xidhmadda (tusaale: bac, sanduuq).",,
Common,packagingEditorMissingConversionMessage,empty_error,,How many base units fit in this pack? Enter a number greater than 0.,Imisa unug aasaasi ah ayaa ku jira xidhmaddan? Geli tiro ka weyn 0.,,
Common,packagingEditorCostLabel,label,24,Cost per {unit},Qiimaha {unit},,
Common,packagingEditorStockLabel,label,24,Stock — how many {unit}?,Kayd — imisa {unit}?,,
Products,shopItemEditorBaseStockLabel,label,24,Stock — loose {unit},Kayd — furan {unit},,
Products,shopItemEditorBaseSaleLabel,label,24,Sale price per {unit},Qiimaha iibka — {unit},,
Products,shopItemEditorBaseCostLabel,label,24,Cost per {unit},Qiimaha keenta — {unit},,
Products,shopItemEditorPackagingSummary,body,,Sell {sale} · Cost {cost} · {stock} in stock,Iib {sale} · Qiimaha {cost} · {stock} kayd,,
Products,shopItemEditorPackagingSummaryEmpty,body,,—,—,,
Products,shopItemEditorEditPackagingTooltip,body,,Edit packaging,Bedel xidhmadda,,
Products,shopItemEditorRemovePackagingTooltip,body,,Remove packaging,Saar xidhmadda,,
Products,shopItemEditorBuyHeader,header,24,Suppliers,Alaab Keenayaasha,,
Products,shopItemEditorBuySubtitle,body,,Default supplier + typical cost — pre-fills Receive later.,Alaab keene asaasi + qiimaha caadiga — wuxuu hore u buuxinayaa Qaadasho.,,
Products,shopItemEditorTypicalCostHeader,header,24,Typical cost,Qiimaha caadiga,,
Products,shopItemEditorCostPerPackLabel,label,24,Cost per {pack},Qiimaha {pack},,
Products,shopItemEditorOpeningHeader,header,24,Stock,Inta Taal,,
Products,shopItemEditorOpeningSubtitle,body,,Enter current stock per packaging so reports are right from day one.,Geli kayd hadda baakad walba si warbixinada saxda u shaqeeyaan maalintaa.,,
Products,shopItemEditorOpeningPickBaseUnitFirst,body,,Pick a base unit above to enable this section.,Marka hore dooro cabbir asaasi ah si aad u isticmaasho qaybtan.,,
Products,shopItemEditorOpeningQtyLabel,label,24,Quantity in {unit},Tirada {unit},,
Products,shopItemEditorOpeningAsOf,body,,As of {date},Laga bilaabo {date},,
Products,shopItemEditorChangeDateButton,button,18,Change,Bedel,,
Products,shopItemEditorOpeningStockNote,body,,Opening stock recorded during onboarding.,Kayd furitaan oo la diiwaan geliyay xilliga hagaajinta.,,
Products,shopItemEditorOpeningStockFailedMessage,empty_error,,Item saved but stock did not save — open the product to adjust.,Alaabta waa la kaydiyay laakiin kaydka ma kaydsanin — fur alaabta si aad u hagaajiso.,,
Products,shopItemEditorDedupTitle,title,20,You may already have this,Waxaa laga yaabaa inaad horey u haysatay,,
Products,shopItemEditorDedupBody,body,,"Your shop has similar items. Open one to edit, or keep going if it's something different:","Dukaankaaga wuxuu leeyahay alaab la mid ah. Mid ka fur si aad u tafatirto, ama sii wad haddii uu kala duwan yahay:",,
Products,shopItemEditorDedupKeepGoing,body,,IT'S DIFFERENT,WAA KALA DUWAN,,
Products,shopItemEditorDedupOpenExisting,body,,OPEN EXISTING,FUR KII HORE,,
Products,shopItemEditorPackagingsHeader,header,24,Packagings,Baakado,,
Products,shopItemEditorAddPackagingButton,button,18,Add packaging,Ku dar baakad,,
Products,shopItemEditorBaseBadge,chip,12,BASE,ASAAS,,
Products,shopItemEditorPackagingMissingMessage,empty_error,,"Fill at least one packaging (price, cost, stock, or barcode).","Buuxi ugu yaraan hal qaybsasho (qiime, qarash, kayd, ama barcode).",,
Products,shopItemEditorScanBarcodeButton,button,18,Scan barcode (optional),Sken garee barcode (ikhtiyaari),,
Products,shopItemEditorRescanBarcodeButton,button,18,Scan again,Mar kale sken,,
Products,shopItemEditorRemoveBarcodeTooltip,body,,Remove barcode,Saar barcode-ka,,
Products,shopItemEditorBarcodeBoundLabel,label,24,Barcode {code},Barcode {code},,
Products,shopItemEditorBarcodeCapturedToast,toast,,Captured {code},Waa la qaaday {code},,
Products,shopItemEditorDiscoveryHeader,header,24,Aliases,Magacyo kale,,
Products,shopItemEditorDiscoverySubtitle,body,,Extra names + bono spelling improve search later.,Magacyo kale + qoraalka qoraalka ayaa raadinta ka horumarinaya.,,
Products,shopItemEditorAliasesLabel,label,24,Other names,Magacyo kale,,
Products,shopItemEditorAliasHint,hint,,Add another name,Ku dar magac kale,,
Products,shopItemEditorAddAliasButton,button,18,ADD,KU DAR,,
Products,shopItemEditorAliasHelper,helper,,Names a customer might say. Tap a chip to remove it.,Magacyada macmiilku oran karo. Riix shukaansiga si aad u saarto.,,
Products,shopItemEditorBonoSpellingLabel,label,24,Bono spelling (optional),Qoraalka qoraalka (ikhtiyaari),,
Products,shopItemEditorBonoSpellingHelper,helper,,How this item appears on supplier paper invoices (e.g. CCL 330x24).,Sida alaabtan u soo muuqato qoraalka warqada keenaha (tusaale CCL 330x24).,,
Common,removePackagingTooltip,body,,Remove packaging,Tirtir baakadda,,
Products,deactivateItemTooltip,body,,Hide product,Qari alaabta,,
Products,deactivateItemConfirmTitle,dialog_title,30,Hide this product?,Ma qarinaysaa alaabtan?,,
Products,deactivateItemConfirmBody,dialog_body,,"It will be removed from Sale, Receive, and Products. Past sales keep it. You can ask support to bring it back.","Waxaa laga saari doonaa Iibinta, Dajinta, iyo Alaabta. Iibkii hore way sii jiri doonaan. Waxaad weydiisan kartaa taageerada inay soo celiyaan.",,
Products,deactivateItemConfirmAction,body,,HIDE,QARI,,
Common,removePackagingConfirmBody,dialog_body,,Remove this packaging? You can add it back later.,Ma tirtirayaa baakaddan? Mar dambe wad ku celin kartaa.,,
Common,removePackagingConfirmAction,body,,REMOVE,TIRTIR,,
Products,shopItemEditorSaveButton,button_save,12,SAVE,KEYDI,,
Products,shopItemEditorSaveAndAddAnotherButton,button,18,SAVE & ADD ANOTHER,KEYDI OO KU DAR MID KALE,,
Products,shopItemEditorSavedAndContinueToast,toast,,{name} saved — add another,{name} waa la keydiyay — ku dar mid kale,,
Products,shopItemDetailEditPrice,body,,Edit price,Bedel qiimaha,,
Products,shopItemDetailDefaultSaleBadge,chip,12,Sale,Iibin,,
Products,shopItemDetailDefaultReceiveBadge,chip,12,Receive,Soo qaad,,
Products,shopItemDetailDefaultForLabel,label,24,Default for:,Caadi u ah:,,
Products,shopItemDetailStockLabel,label,24,Stock,Kayd,,
Products,shopItemDetailNoPriceLabel,label,24,no price yet,qiimo maleh,,
Products,shopItemDetailReorderBelowLabel,label,24,Reorder below {amount} {unit},Soo qaado marka uu yaraado {amount} {unit},,
Products,catalogPickerTitle,title,20,Browse catalog,Eeg liiska guud,,
Products,catalogPickerSearchHint,hint,,Search global catalog,Ku Raadi liiska guud,,
Products,catalogPickerActivatedBadge,chip,12,already added,horeyba,,
Products,catalogPickerAddButton,button,18,"ADD {count, plural, =1{1 item} other{{count} items}}","KU DAR {count, plural, =1{1 shay} other{{count} shay}}",,
Products,catalogPickerAddedToast,toast,,"{count, plural, =1{1 item} other{{count} items}} added","{count, plural, =1{1 shay} other{{count} shay}} ayaa la daray",,
Onboarding,setupOnboardingTitle,title,20,Set up your products,U habee alaabadaada,,
Onboarding,setupOnboardingBody,body,,"We added {count} items from the {template} template. You can start selling now — prices fill in as you sell.

Or take a minute to:","Waxaan kuugu darnay {count} alaab oo ka mid ah qaabka {template}. Hadda iibi waad bilaaban kartaa — qiimayaashu way buuxin doonaan markaad iibinayso.

Ama daqiiqad ku qaad:",,
Onboarding,setupOnboardingAddItemsTitle,title,20,Add my own items,Ku dar alaabadayda,,
Onboarding,setupOnboardingAddItemsBody,body,,Items the template didn't include,Alaabaha qaabku aanu lahayn,,
Onboarding,setupOnboardingSetPricesTitle,title,20,Set prices on top items,U dhig qiimayaal alaabta caanka ah,,
Onboarding,setupOnboardingSetPricesBody,body,,So sales don't pause for a price prompt,Si aanu iibku u dhabaalayn qiimo weydiin,,
Onboarding,setupOnboardingBrowseCatalogTitle,title,20,Browse the catalog,Eeg liiska guud,,
Onboarding,setupOnboardingBrowseCatalogBody,body,,Activate more items from our list,Ka dhaqaaji alaabo dheeraad ah liiskayaga,,
Onboarding,setupOnboardingSkipButton,button,18,SKIP — START SELLING,BOOD — BILOW IIBKA,,
Common,scanCameraTooltip,body,,Scan barcode,Akhri jeegga,,
Settings,scannerSheetTitle,title,20,Scan a barcode,Akhri jeegga,,
Settings,scannerTorchTooltip,body,,Torch,Iftiin,,
Settings,scannerHoldSteady,body,,Hold steady — 15 to 25 cm from the code,Si toosan u qabo — 15 ilaa 25 cm meel jeegga,,
Common,scanUnknownPillLabel,label,24,Unknown barcode: {code},Jeeg lama yaqaano: {code},,
Common,scanUnknownCreateAction,body,,Create new,Cusub abuur,,
Common,scanUnknownDismissAction,body,,Dismiss,Iska saar,,
Common,scanLookupFailed,body,,Couldn't look up that barcode,Jeegga lama heli karo,,
Common,multiScanSheetTitle,title,20,Multi-scan ({count}),Multi-akhri ({count}),,
Common,multiScanUnknownCount,body,,"{count, plural, =1{1 unknown code — review after} other{{count} unknown codes — review after}}","{count, plural, =1{1 jeeg lama yaqaano — eeg ka dib} other{{count} jeeg lama yaqaano — eeg ka dib}}",,
Common,multiScanEmptyHint,hint,,Aim at a barcode. Successful scans stage as lines below.,Jeegga camera-da hor dhig. Akhrida guul leh waxay galayaan liiska hoose.,,
Common,multiScanDoneAction,body,,DONE,DHAMAYE,,
Common,multiScanLongPressHint,hint,,Hold to multi-scan,Si dheer u taabo si aad u multi-akhrido,,
Common,multiScanAppliedSummary,body,,"{count, plural, =1{1 line staged} other{{count} lines staged}}","{count, plural, =1{1 saf la gallinay} other{{count} saf la galiyay}}",,
Common,barcodeScanAndBindAction,body,,Scan code,Akhri jeegga,,
Common,barcodeBoundToPackagingMessage,empty_error,,Code linked to this packaging,Jeegga waxa lagu xidhay shaandhada,,
Common,relativeTimeJustNow,body,,just now,hadda,,
Common,relativeTimeMinutesAgo,body,,"{minutes, plural, =1{1 min ago} other{{minutes} min ago}}","{minutes, plural, =1{1 daqiiqo ka hor} other{{minutes} daqiiqo ka hor}}",,
Common,relativeTimeHoursAgo,body,,"{hours, plural, =1{1 hr ago} other{{hours} hr ago}}","{hours, plural, =1{1 saac ka hor} other{{hours} saac ka hor}}",,
Common,relativeTimeDaysAgo,body,,"{days, plural, =1{1 day ago} other{{days} days ago}}","{days, plural, =1{1 maalin ka hor} other{{days} maalmood ka hor}}",,
Common,relativeTimeOn,body,,on {date},{date}-tii,,
Sale,saleHistoryVoidedSubtitle,body,,voided {when},la baabi'iyay {when},,
Parties,partyDetailEditedAt,body,,contact info edited {when},xog xidhiidh la beddelay {when},,
Common,offlineQueuePillLabel,label,24,"{count, plural, =1{Syncing 1} other{Syncing {count}}}","{count, plural, =1{Hubinta 1} other{Hubinta {count}}}",,
Settings,storageSyncTitle,title,20,Storage & sync,Kayd & is-waafajin,,
Settings,storageSyncStatusConnected,body,,Connected,Xidhan,,
Settings,storageSyncStatusOffline,body,,Offline,Aan xidhneyn,,
Settings,storageSyncLastSyncedLabel,label,24,Last synced,Is-waafajin u dambeysay,,
Settings,storageSyncLastSyncedNever,body,,Never,Welwaa,,
Settings,storageSyncPendingSalesLabel,label,24,Pending posts,Kuwa sugaya,,
Settings,storageSyncPendingCount,body,,"{count, plural, =0{none waiting} =1{1 waiting} other{{count} waiting}}","{count, plural, =0{midna} =1{1 sugaya} other{{count} sugaya}}",,
Settings,storageSyncFailedPermanentlyLabel,label,24,Failed permanently,Si rasmi ah u guul-darreystay,,
Settings,storageSyncFailedPermanentlyCount,body,,"{count, plural, =1{1 post} other{{count} posts}}","{count, plural, =1{1} other{{count}}}",,
Settings,storageSyncStorageUsedLabel,label,24,Storage used,Boos la isticmaalay,,
Settings,storageSyncStorageBreakdownPending,body,,Pending posts,Kuwa sugaya,,
Settings,storageSyncStorageBreakdownCached,body,,Cached data,Xog la kaydiyay,,
Settings,storageSyncSyncNowButton,button,18,Sync now,Is-waafaji hadda,,
Settings,storageSyncFreeUpSpaceButton,button,18,Free up space,Furfur booska,,
Settings,storageSyncFreeUpSpaceConfirmTitle,dialog_title,30,Clear cached data?,Tirtir xogta la kaydiyay?,,
Settings,storageSyncFreeUpSpaceConfirmBody,dialog_body,,This refreshes prices and lists from the server. Your saved sales aren't touched.,Tani waxay cusbooneysiisaa qiimaha iyo liiska serfarka. Iibyada aad kaydisay ma taabankaro.,,
Settings,storageSyncFreeUpSpaceConfirmAction,body,,CLEAR,TIRTIR,,
Settings,storageSyncResyncAllButton,button,18,Re-download all data,Dib u soo deji xogta oo dhan,,
Settings,storageSyncResyncConfirmTitle,dialog_title,30,Re-download all data?,Dib u soo deji xogta oo dhan?,,
Settings,storageSyncResyncConfirmBody,dialog_body,,"Fetches a fresh copy of items, customers, and recent transactions from the server. Your saved sales aren't touched.","Waxaa la soo dejinayaa nuqul cusub oo ka kooban alaab, macaamiil, iyo wax iibinta dhowaan. Iibyada aad kaydisay ma taabankaro.",,
Settings,storageSyncResyncConfirmAction,body,,RE-DOWNLOAD,DIB U SOO DEJI,,
Settings,storageSyncResyncDoneToast,toast,,Re-downloaded all data,Xogta oo dhan dib ayaa loo soo dejiyay,,
Settings,storageSyncResyncFailedToast,toast,,Couldn't re-download,Lama soo dejin karin,,
Settings,storageSyncCacheClearedToast,toast,,Cache cleared,Kaydka waa la tirtiray,,
Settings,storageSyncSyncedToast,toast,,"{count, plural, =0{Already up to date} =1{Synced 1 post} other{Synced {count} posts}}","{count, plural, =0{Horeyba u cusub} =1{1 la diray} other{{count} la diray}}",,
Settings,storageSyncSyncFailedToast,toast,,Could not sync — check your connection.,Lama waafajin karin — hubi xidhiidhka.,,
Settings,storageSyncAlreadyUpToDateToast,toast,,Already up to date,Hadda way cusub tahay,,
Settings,storageSyncPushedToast,toast,,"{count, plural, =1{Sent 1 pending} other{Sent {count} pending}}","{count, plural, =1{La diray 1 sugaya} other{La diray {count} sugaya}}",,
Settings,storageSyncPulledToast,toast,,"{count, plural, =1{Got 1 update} other{Got {count} updates}}","{count, plural, =1{La helay 1 cusbooneysiin} other{La helay {count} cusbooneysiin}}",,
Settings,storageSyncPushedAndPulledToast,toast,,"Sent {pushed} pending, got {pulled} updates","La diray {pushed} sugaya, la helay {pulled} cusbooneysiin",,
Settings,storageSyncResetButton,button,18,Reset local data,Dib u dejis xogta,,
Settings,storageSyncResetConfirmTitle,dialog_title,30,Reset local data?,Dib u dejis xogta maxalliga?,,
Settings,storageSyncResetConfirmBody,dialog_body,,This DELETES all data this device has downloaded from the server. Your shop's data will be re-downloaded on next sync. Any sales that haven't been sent will be lost. Only do this if support tells you to.,Tani waxay TIRTIRTAA dhammaan xogta uu taleefankaan ka soo dejiyey serverka. Xogta dukaankaaga waxaa dib loo soo dejin doonaa marka xiga ee la xidhiidho. Iibyada aan loo dirin server-ka way lumi doonaan. Tan hel kaliya marka taageerada ay ku weydiisto.,,
Settings,storageSyncResetTypePrompt,body,,Type RESET to confirm,Ku qor TIRTIR si aad u xaqiijiso,,
Settings,storageSyncResetTypeWord,body,,RESET,TIRTIR,,
Settings,storageSyncResetOfflineBlocker,body,,Connect to internet first — you have pending sales that need to send before reset.,Marka hore internet-ka ku xidh — waxaa jira iibyo sugaya in la diro server-ka kahor dib-u-dejinta.,,
Settings,storageSyncResetPendingFailedBlocker,body,,"{count, plural, =1{1 post couldn't send. Review it in Failed posts before reset.} other{{count} posts couldn't send. Review them in Failed posts before reset.}}","{count, plural, =1{1 dirka ayaa fashilmay. Eeg Iibyo guuldarreystay ka hor dib-u-dejinta.} other{{count} dir ayaa fashilmay. Eeg Iibyo guuldarreystay ka hor dib-u-dejinta.}}",,
Settings,storageSyncResetConfirmAction,body,,RESET,TIRTIR,,
Settings,storageSyncResetDoneToast,toast,,Local data reset. Downloading fresh data...,Xogta maxalliga waa la dib u dejiyey. Soo dejinta xog cusub...,,
Settings,storageSyncResetFailedToast,toast,,Reset failed,Dib-u-dejinta way fashilantay,,
Settings,storageSyncSettingsHeader,header,24,Settings,Dejinta,,
Settings,storageSyncWifiOnlyLabel,label,24,Sync only on Wi-Fi,Kaliya marka Wi-Fi jiro,,
Settings,storageSyncDrawerEntry,body,,Storage & sync,Kayd & is-waafajin,,
Menu,drawerManageCategories,body,,Categories,Qaybaha,,
Settings,manageCategoriesTitle,title,20,Categories,Qaybaha,,
Settings,manageCategoriesProductsTab,chip,12,Products,Alaabta,,
Settings,manageCategoriesExpensesTab,chip,12,Expenses,Kharashyada,,
Settings,manageCategoriesAdd,body,,Add category,Ku dar qayb,,
Settings,manageCategoriesEmpty,body,,No categories yet. Tap + to add one.,Wali qaybo ma jiraan. Taabo + si aad u darto.,,
Settings,manageCategoriesDefaultBadge,chip,12,Built-in,Nidaam,,
Settings,manageCategoriesNameLabel,label,24,Category name,Magaca qaybta,,
Settings,manageCategoriesNewTitle,title,20,New category,Qayb cusub,,
Settings,manageCategoriesRenameTitle,title,20,Rename category,Magac-beddel qaybta,,
Settings,manageCategoriesSave,body,,Save,Kaydi,,
Settings,manageCategoriesRename,body,,Rename,Magac beddel,,
Settings,manageCategoriesHide,body,,Hide,Qari,,
Settings,manageCategoriesHideConfirmTitle,dialog_title,30,Hide category?,Qari qaybta?,,
Settings,manageCategoriesHideConfirmBody,dialog_body,,It will no longer appear when adding or editing items. Items already using it keep it until you change them.,Mar dambe kama soo bixi doonto marka aad alaab dartid ama wax ka beddeshid. Alaabta hadda isticmaasha way sii haysanaysaa ilaa aad beddesho.,,
Common,failedPostsTitle,title,20,Failed posts,Kuwa guul-darreystay,,
Common,failedPostsRetryButton,button,18,RETRY,MAR KALE,,
Common,failedPostsDiscardButton,button,18,DISCARD,TUUR,,
Common,failedPostsDiscardConfirmTitle,dialog_title,30,Discard this post?,Tuur kan?,,
Common,failedPostsDiscardConfirmBody,dialog_body,,You can't recover it. Continue?,Ma soo celin kartid. Sii wad?,,
Common,failedPostsDiscardConfirmAction,body,,DISCARD,TUUR,,
Common,failedPostsEmptyState,body,,No failed posts.,Wax guul-darreystay ma jiro.,,
Common,syncFirstTimeSetupTitle,title,20,Connect to load your shop's data,Ku xidh internet si aad u soo dejiso xogta dukaankaaga,,
Common,syncFirstTimeSetupBody,body,,"We need to fetch your items, customers, and recent transactions one time before you can work offline. Open Wi-Fi or mobile data, then tap Retry.","Waxaan mar u baahanahay inaan soo dejino alaabtaada, macaamiishaada, iyo wax iibinta dhowaan ka hor inta aanad shaqayn karin marka aad offline-tahay. Fur Wi-Fi ama internet-ka taleefanka, ka dibna taabo MAR KALE.",,
Common,syncFirstTimeSetupRetryButton,button,18,RETRY,MAR KALE,,
Common,syncFirstTimeLoadingTitle,title,20,Setting up your shop…,Dukaankaaga waa la diyaarinayaa…,,
Common,syncFirstTimeLoadingBody,body,,"Loading your items, customers, and recent activity. This only happens once.","Waxaa la soo dejinayaa alaabtaada, macaamiishaada, iyo dhaqdhaqaaqyada dhowaan. Tani hal mar ayey dhacaysaa.",,
Common,syncIssueBannerLabel,label,24,⚠ Working offline since {time}. Tap to retry sync.,⚠ Offline tan iyo {time}. Taabo si aad mar kale isku daydid.,,
Common,syncForceSyncingToast,toast,,Syncing…,Waa la diraaya…,,
Common,syncForceSyncedToast,toast,,"{count, plural, =0{Already up to date} =1{Synced 1 update} other{Synced {count} updates}}","{count, plural, =0{Horeyba u cusub} =1{1 cusboonaysiis la diray} other{{count} cusboonaysiis la diray}}",,
Common,syncForceFailedToast,toast,,Couldn't sync — try again later.,Lama is-waafajin karin — mar kale isku day.,,
